{
    "aesthetic":{
        "category":"master",
        "sounds":[
           {
            "name":"aesthetic"
           } 
       ]
    },
    "bang":{
        "category":"master",
        "sounds":[
           {
            "name":"bang"
           }
        ]
    },
    "p5beneaththemask":{
        "category":"master",
        "sounds":[
           {
            "name":"p5beneaththemask"
           }
        ]
    },
    "p5ending":{
        "category":"master",
        "sounds":[
           {
            "name":"p5ending"
           }
        ]
    },
    "p5lifewillchange":{
        "category":"master",
        "sounds":[
           {
            "name":"p5lifewillchange"
           }
        ]
    },
    "p5op":{
        "category":"master",
        "sounds":[
           {
            "name":"p5op"
           }
        ]
    },
    "saosmileforme":{
        "category":"master",
        "sounds":[
           {
            "name":"saosmileforme"
           }
        ]
    },
    "saothefirsttown":{
        "category":"master",
        "sounds":[
           {
            "name":"saothefirsttown"
           }
        ]
    }
}